ECL00017\ECL00017.Business,ClaimGroupInfo.vb,.vb,"(20, 'Public Class ClaimGroupInfo')"
ECL00017\ECL00017.Business,clsBenifitTOS.vb,.vb,"(15, 'Public Class BenifitTOS')"
ECL00017\ECL00017.Business,clsClaim.vb,.vb,"(50, 'Public Class Claim')"
ECL00017\ECL00017.Business,clsInstClaimDetails.vb,.vb,"(29, 'Public Class InstClaimDetails')"
ECL00017\ECL00017.Business,clsInstServiceLine.vb,.vb,"(45, 'Public Class InstServiceLine')"
ECL00017\ECL00017.Business,clsPatient.vb,.vb,"(24, 'Public Class Patient')"
ECL00017\ECL00017.Business,clsProClaimDetails.vb,.vb,"(24, 'Public Class ProClaimDetails')"
ECL00017\ECL00017.Business,clsProServiceLine.vb,.vb,"(45, 'Public Class ProServiceLine')"
ECL00017\ECL00017.Business,clsProvider.vb,.vb,"(63, 'Public Class Provider')"
ECL00017\ECL00017.Business,clsServiceLineAdj.vb,.vb,"(3, 'Public Class ServiceLineAdj')"
ECL00017\ECL00017.Business,clsSubmitter.vb,.vb,"(24, 'Public Class Submitter')"
ECL00017\ECL00017.Business,clsSubscriber.vb,.vb,"(24, 'Public Class Subscriber')"
ECL00017\ECL00017.Business,clsX12Segment.vb,.vb,"(19, 'Public Class X12Segment')"
ECL00017\ECL00017.Business,enumEnums.vb,.vb
ECL00017\ECL00017.Business,modGlobal.vb,.vb
ECL00017\ECL00017.Business\My Project,Application.Designer.vb,.vb
ECL00017\ECL00017.Business\My Project,AssemblyInfo.vb,.vb
ECL00017\ECL00017.Business\My Project,Resources.Designer.vb,.vb
ECL00017\ECL00017.Business\My Project,Settings.Designer.vb,.vb
ECL00017\ECL00017.DataAccess,clsSQLAccess.vb,.vb,"(55, 'Public Class SQLAccess')"
ECL00017\ECL00017.DataAccess,clsSybaseSystemsListHandler.vb,.vb,"(25, 'Public Class clsSybaseSystemsListHandler')"
ECL00017\ECL00017.DataAccess,clsTigerCipher.vb,.vb,"(19, 'Public Class TigerCipher')"
ECL00017\ECL00017.DataAccess,Form1.Designer.vb,.vb
ECL00017\ECL00017.DataAccess,Form1.vb,.vb,"(4, 'Public Class Form1')"
ECL00017\ECL00017.DataAccess\My Project,Application.Designer.vb,.vb
ECL00017\ECL00017.DataAccess\My Project,AssemblyInfo.vb,.vb
ECL00017\ECL00017.DataAccess\My Project,Resources.Designer.vb,.vb
ECL00017\ECL00017.DataAccess\My Project,Settings.Designer.vb,.vb
ECL00017\ECL00017.GUI,AutomodController.vb,.vb,"(26, 'Public Class AutomodCriteriaClaimSet')","(325, 'Public Class AutomodController')"
ECL00017\ECL00017.GUI,Automod_Mockup.Designer.vb,.vb
ECL00017\ECL00017.GUI,Automod_Mockup.vb,.vb,"(1, 'Public Class Automod_Mockup')"
ECL00017\ECL00017.GUI,clsDataGridViewMaskTextboxClasses.vb,.vb,"(6, 'Public Class MaskedTextboxColumn')","(33, 'Public Class MaskedTextboxCell')"
ECL00017\ECL00017.GUI,clsDBAccess.vb,.vb,"(39, 'Public Class clsDBAccess')"
ECL00017\ECL00017.GUI,clsListViewComparer.vb,.vb,"(1, 'Public Class ListViewComparer')"
ECL00017\ECL00017.GUI,clsTigerTextBox.vb,.vb,"(31, 'Public Class clsTigerTextBox')"
ECL00017\ECL00017.GUI,Copy of frmLogin.Designer.vb,.vb
ECL00017\ECL00017.GUI,DBAdminController.vb,.vb,"(17, 'Public Class DBAdminController')"
ECL00017\ECL00017.GUI,Form1.Designer.vb,.vb
ECL00017\ECL00017.GUI,Form1.vb,.vb,"(1, 'Public Class Form1')"
ECL00017\ECL00017.GUI,frmAutomod.Designer.vb,.vb
ECL00017\ECL00017.GUI,frmAutomod.vb,.vb,"(106, 'Public Class frmAutomod')"
ECL00017\ECL00017.GUI,frmBenTos.Designer.vb,.vb
ECL00017\ECL00017.GUI,frmBenTos.vb,.vb,"(21, 'Public Class frmBenTos')"
ECL00017\ECL00017.GUI,frmDBAdmin.Designer.vb,.vb
ECL00017\ECL00017.GUI,frmDBAdmin.vb,.vb,"(31, 'Public Class frmDBAdmin')"
ECL00017\ECL00017.GUI,frmDeleteClaimGroupList.Designer.vb,.vb
ECL00017\ECL00017.GUI,frmDeleteClaimGroupList.vb,.vb,"(33, 'Public Class frmDeleteClaimGroupList')"
ECL00017\ECL00017.GUI,frmEdit.Designer.vb,.vb
ECL00017\ECL00017.GUI,frmEdit.vb,.vb,"(191, 'Public Class frmEdit')"
ECL00017\ECL00017.GUI,frmLoad.Designer.vb,.vb
ECL00017\ECL00017.GUI,frmLoad.vb,.vb,"(6, 'Public Class frmLoad')"
ECL00017\ECL00017.GUI,frmLogin.Designer.vb,.vb
ECL00017\ECL00017.GUI,frmLogin.vb,.vb,"(13, 'Public Class frmLogin')"
ECL00017\ECL00017.GUI,frmMain.Designer.vb,.vb
ECL00017\ECL00017.GUI,frmMain.vb,.vb,"(135, 'Public Class MainScreen')"
ECL00017\ECL00017.GUI,frmMain2.Designer.vb,.vb
ECL00017\ECL00017.GUI,frmMain2.vb,.vb,"(1, 'Public Class frmMain2')"
ECL00017\ECL00017.GUI,frmSave.Designer.vb,.vb
ECL00017\ECL00017.GUI,frmSave.vb,.vb,"(81, 'Public Class frmSave')"
ECL00017\ECL00017.GUI,frmSearch.Designer.vb,.vb
ECL00017\ECL00017.GUI,frmSearch.vb,.vb,"(1, 'Public Class frmSearch')"
ECL00017\ECL00017.GUI,frmTaskDesc.Designer.vb,.vb
ECL00017\ECL00017.GUI,frmTaskDesc.vb,.vb,"(1, 'Public Class frmTaskDesc')"
ECL00017\ECL00017.GUI,frmUser.Designer.vb,.vb
ECL00017\ECL00017.GUI,frmUser.vb,.vb,"(21, 'Public Class frmUser')"
ECL00017\ECL00017.GUI,LoginController.vb,.vb,"(17, 'Public Class LoginController')"
ECL00017\ECL00017.GUI,MainController.vb,.vb,"(29, 'Public Class MainController')"
ECL00017\ECL00017.GUI,modGlobal.vb,.vb
ECL00017\ECL00017.GUI,MyTextbox.vb,.vb,"(1, 'Public Class MyTextbox')"
ECL00017\ECL00017.GUI,SaveController.vb,.vb,"(24, 'Public Class SaveController')"
ECL00017\ECL00017.GUI,SaveCtrl.vb,.vb,"(1, 'Public Class SaveCtrl')"
ECL00017\ECL00017.GUI,Settings.vb,.vb
ECL00017\ECL00017.GUI,splAbout.Designer.vb,.vb
ECL00017\ECL00017.GUI,splAbout.vb,.vb
ECL00017\ECL00017.GUI,UserControl1.Designer.vb,.vb
ECL00017\ECL00017.GUI,UserControl1.vb,.vb,"(1, 'Public Class UserControl1')"
ECL00017\ECL00017.GUI,UserInformation.vb,.vb,"(15, 'Public Class UserInformation')"
ECL00017\ECL00017.GUI\My Project,Application.Designer.vb,.vb
ECL00017\ECL00017.GUI\My Project,AssemblyInfo.vb,.vb
ECL00017\ECL00017.GUI\My Project,Resources.Designer.vb,.vb
ECL00017\ECL00017.GUI\My Project,Settings.Designer.vb,.vb
ECL00017\ECL00017.GUI\Web References\gwbu01_SendEmail,Reference.vb,.vb
ECL00017\TestProject1,clsSybaseSystemsListHandlerTest.vb,.vb,"(22, 'Public Class clsSybaseSystemsListHandlerTest')"
ECL00017\TestProject1,VSCodeGenAccessors.vb,.vb
ECL00017\TestProject1\My Project,AssemblyInfo.vb,.vb
ECL00017\TigerEnumerations\org\healthnow\tiger\enumerations,ENUM.cs,.cs
ECL00017\TigerEnumerations\Properties,AssemblyInfo.cs,.cs
ECL00018\ECL00018,clsDBAccess.vb,.vb,"(39, 'Public Class clsDBAccess')"
ECL00018\ECL00018,modGlobal.vb,.vb
ECL00018\ECL00018,modMain.vb,.vb
ECL00018\ECL00018\My Project,Application.Designer.vb,.vb
ECL00018\ECL00018\My Project,AssemblyInfo.vb,.vb
ECL00018\ECL00018\My Project,Resources.Designer.vb,.vb
ECL00018\ECL00018\My Project,Settings.Designer.vb,.vb
ECL00019,clsDataAccess.vb,.vb,"(7, 'Public Class BCDataAccess')"
ECL00019,clsOutputFileData.vb,.vb,"(27, 'Public Class clsOutputFileData')"
ECL00019,modAutoMerge.vb,.vb
ECL00019,modMERGE.vb,.vb
ECL00019\My Project,Application.Designer.vb,.vb
ECL00019\My Project,AssemblyInfo.vb,.vb
ECL00019\My Project,Resources.Designer.vb,.vb
ECL00019\My Project,Settings.Designer.vb,.vb
