ECL00017\ECL00017.Business,ClaimGroupInfo.vb,.vb
ECL00017\ECL00017.Business,clsBenifitTOS.vb,.vb
ECL00017\ECL00017.Business,clsClaim.vb,.vb
ECL00017\ECL00017.Business,clsInstClaimDetails.vb,.vb,InstClaimDetails,InstClaimDetails,InstClaimDetails,InstClaimDetails,InstClaimDetails,InstClaimDetails,InstClaimDetails,InstClaimDetails,InstClaimDetails,InstClaimDetails,InstClaimDetails,InstClaimDetails,InstClaimDetails,InstClaimDetails,InstClaimDetails,InstClaimDetails,InstClaimDetails,InstClaimDetails,InstClaimDetails,InstClaimDetails,InstClaimDetails,InstClaimDetails,InstClaimDetails,InstClaimDetails,InstClaimDetails,InstClaimDetails,InstClaimDetails,InstClaimDetails,InstClaimDetails,InstClaimDetails,InstClaimDetails,InstClaimDetails,InstClaimDetails,InstClaimDetails,InstClaimDetails,InstClaimDetails,InstClaimDetails,InstClaimDetails,InstClaimDetails,InstClaimDetails,InstClaimDetails,InstClaimDetails,InstClaimDetails,InstClaimDetails,InstClaimDetails,InstClaimDetails,InstClaimDetails,InstClaimDetails,InstClaimDetails,InstClaimDetails,InstClaimDetails,InstClaimDetails,InstClaimDetails,InstClaimDetails,InstClaimDetails,InstClaimDetails,InstClaimDetails,InstClaimDetails,InstClaimDetails,InstClaimDetails,InstClaimDetails,InstClaimDetails,InstClaimDetails,InstClaimDetails,InstClaimDetails,InstClaimDetails,InstClaimDetails,InstClaimDetails,InstClaimDetails,InstClaimDetails,InstClaimDetails,InstClaimDetails,InstClaimDetails,InstClaimDetails,InstClaimDetails,InstClaimDetails,InstClaimDetails,InstClaimDetails,InstClaimDetails,InstClaimDetails,InstClaimDetails,InstClaimDetails
ECL00017\ECL00017.Business,clsInstServiceLine.vb,.vb,InstServiceLine,InstServiceLine,InstServiceLine,InstServiceLine,InstServiceLine,InstServiceLine,InstServiceLine,InstServiceLine,InstServiceLine,InstServiceLine,InstServiceLine,InstServiceLine,InstServiceLine,InstServiceLine,InstServiceLine,InstServiceLine,InstServiceLine,InstServiceLine,InstServiceLine,InstServiceLine,InstServiceLine,InstServiceLine
ECL00017\ECL00017.Business,clsPatient.vb,.vb,Patient,Patient,Patient,Patient,Patient,Patient,Patient,Patient,Patient,Patient,Patient,Patient,Patient,Patient,Patient,Patient,Patient,Patient,Patient,Patient,Patient,Patient,Patient,Patient,Patient,Patient,Patient,Patient,Patient,Patient,Patient,Patient,Patient,Patient,Patient,Patient,Patient,Patient,Patient,Patient,Patient,Patient,Patient,Patient,Patient,Patient
ECL00017\ECL00017.Business,clsProClaimDetails.vb,.vb,ProClaimDetails,ProClaimDetails,ProClaimDetails,ProClaimDetails,ProClaimDetails,ProClaimDetails,ProClaimDetails,ProClaimDetails,ProClaimDetails,ProClaimDetails,ProClaimDetails,ProClaimDetails,ProClaimDetails,ProClaimDetails,ProClaimDetails,ProClaimDetails,ProClaimDetails,ProClaimDetails,ProClaimDetails,ProClaimDetails,ProClaimDetails,ProClaimDetails,ProClaimDetails,ProClaimDetails,ProClaimDetails,ProClaimDetails,ProClaimDetails,ProClaimDetails,ProClaimDetails,ProClaimDetails,ProClaimDetails,ProClaimDetails,ProClaimDetails,ProClaimDetails,ProClaimDetails,ProClaimDetails,ProClaimDetails,ProClaimDetails,ProClaimDetails,ProClaimDetails,ProClaimDetails,ProClaimDetails,ProClaimDetails,ProClaimDetails,ProClaimDetails,ProClaimDetails,ProClaimDetails,ProClaimDetails,ProClaimDetails,ProClaimDetails,ProClaimDetails,ProClaimDetails,ProClaimDetails,ProClaimDetails,ProClaimDetails,ProClaimDetails,ProClaimDetails,ProClaimDetails,ProClaimDetails,ProClaimDetails,ProClaimDetails,ProClaimDetails,ProClaimDetails,ProClaimDetails,ProClaimDetails,ProClaimDetails,ProClaimDetails,ProClaimDetails,ProClaimDetails,ProClaimDetails,ProClaimDetails,ProClaimDetails,ProClaimDetails,ProClaimDetails,ProClaimDetails,ProClaimDetails,ProClaimDetails,ProClaimDetails,ProClaimDetails,ProClaimDetails
ECL00017\ECL00017.Business,clsProServiceLine.vb,.vb,ProServiceLine,ProServiceLine,ProServiceLine,ProServiceLine,ProServiceLine,ProServiceLine,ProServiceLine,ProServiceLine,ProServiceLine,ProServiceLine,ProServiceLine,ProServiceLine,ProServiceLine,ProServiceLine,ProServiceLine,ProServiceLine,ProServiceLine,ProServiceLine,ProServiceLine,ProServiceLine,ProServiceLine,ProServiceLine,ProServiceLine,ProServiceLine,ProServiceLine,ProServiceLine,ProServiceLine,ProServiceLine,ProServiceLine,ProServiceLine
ECL00017\ECL00017.Business,clsProvider.vb,.vb,Provider,Provider,Provider,Provider,Provider,Provider,Provider,Provider,Provider,Provider,Provider,Provider,Provider,Provider,Provider,Provider,Provider,Provider,Provider,Provider,Provider,Provider,Provider,Provider,Provider,Provider,Provider,Provider,Provider,Provider,Provider,Provider,Provider,Provider,Provider,Provider,Provider,Provider,Provider,Provider,Provider,Provider,Provider,Provider,Provider,Provider,Provider,Provider,Provider,Provider,Provider,Provider,Provider,Provider
ECL00017\ECL00017.Business,clsServiceLineAdj.vb,.vb,ServiceLineAdj,ServiceLineAdj,ServiceLineAdj,ServiceLineAdj,ServiceLineAdj,ServiceLineAdj,ServiceLineAdj,ServiceLineAdj,ServiceLineAdj,ServiceLineAdj,ServiceLineAdj,ServiceLineAdj
ECL00017\ECL00017.Business,clsSubmitter.vb,.vb,Submitter,Submitter,Submitter,Submitter,Submitter,Submitter,Submitter,Submitter,Submitter,Submitter
ECL00017\ECL00017.Business,clsSubscriber.vb,.vb,Subscriber,Subscriber,Subscriber,Subscriber,Subscriber,Subscriber,Subscriber,Subscriber,Subscriber,Subscriber,Subscriber,Subscriber,Subscriber,Subscriber,Subscriber,Subscriber,Subscriber,Subscriber,Subscriber,Subscriber,Subscriber,Subscriber,Subscriber,Subscriber,Subscriber,Subscriber,Subscriber,Subscriber,Subscriber,Subscriber,Subscriber,Subscriber,Subscriber,Subscriber,Subscriber,Subscriber,Subscriber,Subscriber,Subscriber,Subscriber,Subscriber,Subscriber,Subscriber,Subscriber,Subscriber,Subscriber
ECL00017\ECL00017.Business,clsX12Segment.vb,.vb
ECL00017\ECL00017.Business,enumEnums.vb,.vb
ECL00017\ECL00017.Business,modGlobal.vb,.vb
ECL00017\ECL00017.Business\My Project,Application.Designer.vb,.vb
ECL00017\ECL00017.Business\My Project,AssemblyInfo.vb,.vb
ECL00017\ECL00017.Business\My Project,Resources.Designer.vb,.vb
ECL00017\ECL00017.Business\My Project,Settings.Designer.vb,.vb
ECL00017\ECL00017.DataAccess,clsSQLAccess.vb,.vb
ECL00017\ECL00017.DataAccess,clsSybaseSystemsListHandler.vb,.vb
ECL00017\ECL00017.DataAccess,clsTigerCipher.vb,.vb
ECL00017\ECL00017.DataAccess,Form1.Designer.vb,.vb
ECL00017\ECL00017.DataAccess,Form1.vb,.vb
ECL00017\ECL00017.DataAccess\My Project,Application.Designer.vb,.vb
ECL00017\ECL00017.DataAccess\My Project,AssemblyInfo.vb,.vb
ECL00017\ECL00017.DataAccess\My Project,Resources.Designer.vb,.vb
ECL00017\ECL00017.DataAccess\My Project,Settings.Designer.vb,.vb
ECL00017\ECL00017.GUI,AutomodController.vb,.vb
ECL00017\ECL00017.GUI,Automod_Mockup.Designer.vb,.vb
ECL00017\ECL00017.GUI,Automod_Mockup.vb,.vb
ECL00017\ECL00017.GUI,clsDataGridViewMaskTextboxClasses.vb,.vb
ECL00017\ECL00017.GUI,clsDBAccess.vb,.vb
ECL00017\ECL00017.GUI,clsListViewComparer.vb,.vb
ECL00017\ECL00017.GUI,clsTigerTextBox.vb,.vb
ECL00017\ECL00017.GUI,Copy of frmLogin.Designer.vb,.vb
ECL00017\ECL00017.GUI,DBAdminController.vb,.vb
ECL00017\ECL00017.GUI,Form1.Designer.vb,.vb
ECL00017\ECL00017.GUI,Form1.vb,.vb
ECL00017\ECL00017.GUI,frmAutomod.Designer.vb,.vb
ECL00017\ECL00017.GUI,frmAutomod.vb,.vb
ECL00017\ECL00017.GUI,frmBenTos.Designer.vb,.vb
ECL00017\ECL00017.GUI,frmBenTos.vb,.vb
ECL00017\ECL00017.GUI,frmDBAdmin.Designer.vb,.vb
ECL00017\ECL00017.GUI,frmDBAdmin.vb,.vb
ECL00017\ECL00017.GUI,frmDeleteClaimGroupList.Designer.vb,.vb
ECL00017\ECL00017.GUI,frmDeleteClaimGroupList.vb,.vb
ECL00017\ECL00017.GUI,frmEdit.Designer.vb,.vb
ECL00017\ECL00017.GUI,frmEdit.vb,.vb
ECL00017\ECL00017.GUI,frmLoad.Designer.vb,.vb
ECL00017\ECL00017.GUI,frmLoad.vb,.vb
ECL00017\ECL00017.GUI,frmLogin.Designer.vb,.vb
ECL00017\ECL00017.GUI,frmLogin.vb,.vb
ECL00017\ECL00017.GUI,frmMain.Designer.vb,.vb
ECL00017\ECL00017.GUI,frmMain.vb,.vb
ECL00017\ECL00017.GUI,frmMain2.Designer.vb,.vb
ECL00017\ECL00017.GUI,frmMain2.vb,.vb
ECL00017\ECL00017.GUI,frmSave.Designer.vb,.vb
ECL00017\ECL00017.GUI,frmSave.vb,.vb
ECL00017\ECL00017.GUI,frmSearch.Designer.vb,.vb
ECL00017\ECL00017.GUI,frmSearch.vb,.vb
ECL00017\ECL00017.GUI,frmTaskDesc.Designer.vb,.vb
ECL00017\ECL00017.GUI,frmTaskDesc.vb,.vb
ECL00017\ECL00017.GUI,frmUser.Designer.vb,.vb
ECL00017\ECL00017.GUI,frmUser.vb,.vb
ECL00017\ECL00017.GUI,LoginController.vb,.vb
ECL00017\ECL00017.GUI,MainController.vb,.vb
ECL00017\ECL00017.GUI,modGlobal.vb,.vb
ECL00017\ECL00017.GUI,MyTextbox.vb,.vb
ECL00017\ECL00017.GUI,SaveController.vb,.vb
ECL00017\ECL00017.GUI,SaveCtrl.vb,.vb
ECL00017\ECL00017.GUI,Settings.vb,.vb
ECL00017\ECL00017.GUI,splAbout.Designer.vb,.vb
ECL00017\ECL00017.GUI,splAbout.vb,.vb
ECL00017\ECL00017.GUI,UserControl1.Designer.vb,.vb
ECL00017\ECL00017.GUI,UserControl1.vb,.vb
ECL00017\ECL00017.GUI,UserInformation.vb,.vb
ECL00017\ECL00017.GUI\My Project,Application.Designer.vb,.vb
ECL00017\ECL00017.GUI\My Project,AssemblyInfo.vb,.vb
ECL00017\ECL00017.GUI\My Project,Resources.Designer.vb,.vb
ECL00017\ECL00017.GUI\My Project,Settings.Designer.vb,.vb
ECL00017\ECL00017.GUI\Web References\gwbu01_SendEmail,Reference.vb,.vb
ECL00017\TestProject1,clsSybaseSystemsListHandlerTest.vb,.vb
ECL00017\TestProject1,VSCodeGenAccessors.vb,.vb
ECL00017\TestProject1\My Project,AssemblyInfo.vb,.vb
ECL00017\TigerEnumerations\org\healthnow\tiger\enumerations,ENUM.cs,.cs
ECL00017\TigerEnumerations\Properties,AssemblyInfo.cs,.cs
ECL00018\ECL00018,clsDBAccess.vb,.vb
ECL00018\ECL00018,modGlobal.vb,.vb
ECL00018\ECL00018,modMain.vb,.vb
ECL00018\ECL00018\My Project,Application.Designer.vb,.vb
ECL00018\ECL00018\My Project,AssemblyInfo.vb,.vb
ECL00018\ECL00018\My Project,Resources.Designer.vb,.vb
ECL00018\ECL00018\My Project,Settings.Designer.vb,.vb
ECL00019,clsDataAccess.vb,.vb
ECL00019,clsOutputFileData.vb,.vb
ECL00019,modAutoMerge.vb,.vb
ECL00019,modMERGE.vb,.vb
ECL00019\My Project,Application.Designer.vb,.vb
ECL00019\My Project,AssemblyInfo.vb,.vb
ECL00019\My Project,Resources.Designer.vb,.vb
ECL00019\My Project,Settings.Designer.vb,.vb
